S.No,Symbol,Conf.,Open,High,Low,Close,VWAP,Vol,Prev. Close,Turnover,Trans.,Diff,Range,Diff %,Range %,VWAP %,52 Weeks High,52 Weeks Low
1,ADBL,-,335,335,330,332,331.28,"6,098",334,"2,020,161",50,-2.00,5.00,-0.60,1.52,0.22,382.00,283.00
2,AHPC,-,100,101,98,99,98.54,"8,837",100,"870,796",24,-1.00,3.00,-1.00,3.06,0.46,209.00,98.00
3,AKJCL,-,84,85,81,82,83.21,990,83,"82,380",67,-1.00,4.00,-1.20,4.94,-1.48,106.00,78.00
4,AKPL,-,176,176,172,174,173.86,"1,035",179,"179,945",29,-5.00,4.00,-2.79,2.33,0.08,349.00,172.00
5,ALICL,-,592,592,588,588,590.00,531,600,"313,288",15,-12.00,4.00,-2.00,0.68,-0.34,940.00,445.00
6,AMFI,-,696,716,696,703,705.18,170,710,"119,880",14,-7.00,20.00,-0.99,2.87,-0.31,"1,000.00",255.00
7,API,-,136,136,130,133,132.02,"11,812",137,"1,559,436",49,-4.00,6.00,-2.92,4.62,0.74,408.00,130.00
8,BARUN,-,100,100,100,100,100.00,10,101,"1,000",1,-1.00,0.00,-0.99,0.00,0.00,199.00,98.00
9,BHBL,-,142,142,142,142,142.00,32,140,"4,544",1,2.00,0.00,1.43,0.00,0.00,191.00,120.00
10,BOKL,-,245,245,241,242,242.51,"8,121",245,"1,969,431",43,-3.00,4.00,-1.22,1.66,-0.21,400.00,241.00
11,BPCL,-,357,357,344,344,344.95,"2,780",350,"958,960",36,-6.00,13.00,-1.71,3.78,-0.28,575.00,344.00
12,CBBL,-,874,874,872,874,872.97,"1,545",877,"1,348,740",18,-3.00,2.00,-0.34,0.23,0.12,"1,120.00",733.00
13,CBL,-,158,158,154,156,154.98,"24,538",158,"3,802,823",66,-2.00,4.00,-1.27,2.60,0.66,188.00,136.00
14,CCBL,-,169,169,162,163,163.09,"21,105",167,"3,441,932",107,-4.00,7.00,-2.40,4.32,-0.05,207.00,155.00
15,CFCL,-,111,112,110,110,110.99,"1,207",113,"133,970",5,-3.00,2.00,-2.65,1.82,-0.90,143.00,107.00
16,CHCL,-,516,516,505,505,508.81,"2,933",515,"1,492,348",25,-10.00,11.00,-1.94,2.18,-0.76,910.00,505.00
17,CIT,-,2646,2650,2615,2640,"2,640.86","3,720",2663,"9,823,982",46,-23.00,35.00,-0.86,1.34,-0.03,"3,550.00","1,577.00"
18,CLBSL,-,697,697,697,697,697.00,49,711,"34,153",1,-14.00,0.00,-1.97,0.00,0.00,988.00,516.00
19,CMF1,-,8.97,8.97,8.95,8.95,8.96,"2,000",9.15,"17,925",3,-0.20,0.02,-2.19,0.22,-0.14,10.00,8.00
20,CZBIL,-,206,206,204,204,204.60,"9,693",207,"1,983,225",59,-3.00,2.00,-1.45,0.98,-0.30,300.00,204.00
21,DBBL,-,124,124,122,123,122.85,"8,656",123,"1,063,395",35,0.00,2.00,0.00,1.64,0.12,190.00,120.00
22,DDBL,-,584,584,565,575,570.86,709,573,"404,739",14,2.00,19.00,0.35,3.36,0.72,952.00,556.00
23,EBL,-,515,520,512,516,516.03,"2,695",518,"1,390,708",30,-2.00,8.00,-0.39,1.56,-0.01,900.00,512.00
24,EDBL,-,280,280,275,275,277.96,"6,807",280,"1,892,066",5,-5.00,5.00,-1.79,1.82,-1.08,404.00,256.00
25,EIC,-,792,792,791,791,791.05,210,805,"166,120",2,-14.00,1.00,-1.74,0.13,-0.01,"1,665.00",574.00
26,FMDBL,-,358,361,358,360,359.40,672,362,"241,516",11,-2.00,3.00,-0.55,0.84,0.17,691.00,309.00
27,FOWAD,-,1530,1530,1522,1522,"1,526.76",428,1549,"653,452",20,-27.00,8.00,-1.74,0.53,-0.31,"3,450.00","1,470.00"
28,GBBL,-,186,186,181,182,182.18,"5,375",185,"979,217",36,-3.00,5.00,-1.62,2.76,-0.10,223.00,169.00
29,GBIME,-,268,268,261,262,262.05,"10,520",264,"2,756,751",53,-2.00,7.00,-0.76,2.68,-0.02,344.00,259.00
30,GBLBS,-,436,440,436,436,436.72,"1,405",441,"613,590",23,-5.00,4.00,-1.13,0.92,-0.16,684.00,388.00
31,GDBL,-,182,183,180,180,181.25,"1,624",183,"294,345",22,-3.00,3.00,-1.64,1.67,-0.69,282.00,180.00
32,GFCL,-,121,121,117,117,119.37,"3,296",121,"393,456",5,-4.00,4.00,-3.31,3.42,-2.03,155.00,115.00
33,GFCLPO,-,110,110,110,110,110.00,"1,733",110,"190,630",1,0.00,0.00,0.00,0.00,0.00,110.00,0.00
34,GILB,-,1140,1140,1140,1140,"1,140.00",19,1160,"21,660",1,-20.00,0.00,-1.72,0.00,0.00,"1,570.00",903.00
35,GLICL,-,695,695,690,690,690.74,"1,027",698,"709,394",8,-8.00,5.00,-1.15,0.72,-0.11,"1,065.00",534.00
36,GRDBL,-,105,105,104,104,104.50,100,105,"10,450",2,-1.00,1.00,-0.95,0.96,-0.48,196.00,100.00
37,GUFL,-,105,105,103,103,104.56,"1,350",105,"141,150",3,-2.00,2.00,-1.90,1.94,-1.51,143.00,98.00
38,HBL,-,425,430,425,430,428.00,425,431,"181,900",9,-1.00,5.00,-0.23,1.18,0.47,682.00,425.00
39,HDL,-,1364,1364,1340,1340,"1,343.13",115,1363,"154,460",3,-23.00,24.00,-1.69,1.79,-0.23,"1,550.00",900.00
40,HGI,-,386,386,372,384,377.96,"1,684",385,"636,477",26,-1.00,14.00,-0.26,3.76,1.57,550.00,348.00
41,HIDCL,-,136,138,134,135,135.17,"8,711",138,"1,177,430",60,-3.00,4.00,-2.17,2.99,-0.12,181.00,134.00
42,HPPL,-,181,181,172,172,175.20,"1,710",180,"299,600",45,-8.00,9.00,-4.44,5.23,-1.86,374.00,165.00
43,ICFC,-,148,148,146,148,147.16,"1,501",148,"220,894",7,0.00,2.00,0.00,1.37,0.56,219.00,146.00
44,IGI,-,435,435,427,427,431.97,330,435,"142,550",6,-8.00,8.00,-1.84,1.87,-1.16,"1,071.00",360.00
45,JBBL,-,139,139,135,135,135.80,"3,882",138,"527,160",32,-3.00,4.00,-2.17,2.96,-0.59,172.00,131.00
46,JBNL,-,171,171,165,166,165.67,"14,259",168,"2,362,335",53,-2.00,6.00,-1.19,3.64,0.20,200.00,144.00
47,JEFL,-,128,129,128,129,128.37,"1,902",130,"244,156",6,-1.00,1.00,-0.77,0.78,0.49,134.00,95.00
48,JFL,-,168,168,163,163,164.30,216,168,"35,488",4,-5.00,5.00,-2.98,3.07,-0.80,235.00,147.00
49,JOSHI,-,191,191,191,191,191.00,20,201,"3,820",1,-10.00,0.00,-4.98,0.00,0.00,279.00,191.00
50,JSLBB,-,2470,2470,2462,2462,"2,467.44",108,2475,"266,484",8,-13.00,8.00,-0.53,0.32,-0.22,"3,419.00","2,173.00"
51,KADBL,-,165,165,162,162,164.40,250,162,"41,100",3,0.00,3.00,0.00,1.85,-1.48,230.00,154.00
52,KBBL,-,209,210,208,209,208.91,"1,551",209,"324,021",5,0.00,2.00,0.00,0.96,0.04,258.00,200.00
53,KBL,-,237,238,233,235,234.56,"8,400",238,"1,970,280",38,-3.00,5.00,-1.26,2.15,0.19,290.00,187.00
54,KMCDB,-,825,840,813,840,823.64,475,829,"391,230",11,11.00,27.00,1.33,3.32,1.95,"1,695.00",737.00
55,KPCL,-,91,92,90,90,90.84,750,91,"68,130",63,-1.00,2.00,-1.10,2.22,-0.93,133.00,90.00
56,KRBL,-,96,98,95,97,96.10,"1,299",97,"124,832",9,0.00,3.00,0.00,3.16,0.93,139.00,95.00
57,KSBBL,-,135,136,133,134,134.33,"7,597",136,"1,020,515",29,-2.00,3.00,-1.47,2.26,-0.25,180.00,129.00
58,LBBL,-,173,174,171,172,171.78,"8,603",174,"1,477,844",32,-2.00,3.00,-1.15,1.75,0.13,184.00,136.00
59,LBL,-,197,197,192,192,193.73,"5,326",196,"1,031,800",31,-4.00,5.00,-2.04,2.60,-0.90,292.00,192.00
60,LGIL,-,518,520,507,507,511.93,"2,495",526,"1,277,255",27,-19.00,13.00,-3.61,2.56,-0.97,665.00,410.00
61,LICN,-,1660,1660,1606,1638,"1,628.58","2,948",1670,"4,801,052",31,-32.00,54.00,-1.92,3.36,0.58,"1,960.00","1,396.00"
62,LLBS,-,767,778,767,767,769.76,"1,624",780,"1,250,088",12,-13.00,11.00,-1.67,1.43,-0.36,"1,396.00",673.00
63,MBL,-,207,209,206,209,207.11,"67,705",207,"14,022,168",82,2.00,3.00,0.97,1.46,0.91,274.00,200.00
64,MDB,-,275,275,272,272,272.92,"1,509",275,"411,831",8,-3.00,3.00,-1.09,1.10,-0.34,368.00,250.00
65,MEGA,-,162,165,161,164,162.98,"24,126",165,"3,932,045",78,-1.00,4.00,-0.61,2.48,0.62,449.00,150.00
66,MEGAPO,-,108,108,108,108,108.00,"17,876",108,"1,930,608",7,0.00,0.00,0.00,0.00,0.00,260.00,108.00
67,MERO,-,620,644,613,620,628.59,"2,882",620,"1,811,587",56,0.00,31.00,0.00,5.06,-1.38,"1,430.00",585.00
68,MIDBL,-,146,146,146,146,146.00,45,146,"6,570",1,0.00,0.00,0.00,0.00,0.00,230.00,143.00
69,MLBL,-,167,168,165,166,166.47,"2,056",168,"342,260",20,-2.00,3.00,-1.19,1.82,-0.28,207.00,158.00
70,MMFDB,-,1010,1025,1010,1020,"1,012.54",122,1030,"123,530",5,-10.00,15.00,-0.97,1.49,0.73,"3,349.00",880.00
71,MNBBL,-,347,347,340,340,340.24,"3,888",345,"1,322,846",23,-5.00,7.00,-1.45,2.06,-0.07,460.00,320.00
72,MSLB,-,1375,1377,1375,1376,"1,373.86",70,1401,"96,170",5,-25.00,2.00,-1.78,0.15,0.16,"3,009.00","1,170.00"
73,MSMBS,-,524,524,522,522,522.27,165,531,"86,174",10,-9.00,2.00,-1.69,0.38,-0.05,865.00,452.00
74,NABIL,-,830,830,820,824,824.73,"2,399",831,"1,978,534",34,-7.00,10.00,-0.84,1.22,-0.09,"1,130.00",820.00
75,NABILP,-,735,735,729,729,730.33,"4,065",734,"2,968,775",8,-5.00,6.00,-0.68,0.82,-0.18,875.00,677.00
76,NADEP,-,795,795,765,765,779.29,540,780,"420,815",34,-15.00,30.00,-1.92,3.92,-1.87,"1,639.00",626.00
77,NBB,-,186,186,182,184,183.55,"8,112",186,"1,488,931",57,-2.00,4.00,-1.08,2.20,0.25,274.00,178.00
78,NBBL,-,715,718,708,712,711.11,350,713,"248,890",13,-1.00,10.00,-0.14,1.41,0.12,"2,850.00",686.00
79,NBL,-,285,287,285,286,286.08,"25,877",286,"7,402,867",69,0.00,2.00,0.00,0.70,-0.03,375.00,280.00
80,NCCB,-,211,211,208,208,208.86,"24,166",210,"5,047,203",64,-2.00,3.00,-0.95,1.44,-0.41,333.00,172.00
81,NCDB,-,114,114,113,113,113.35,596,115,"67,558",5,-2.00,1.00,-1.74,0.88,-0.31,160.00,0.00
82,NEF,-,8,8,8,8,8.00,"1,448",8.05,"11,584",1,-0.05,0.00,-0.62,0.00,0.00,10.00,7.90
83,NGPL,-,123,125,122,125,123.00,65,125,"7,995",6,0.00,3.00,0.00,2.46,1.60,235.00,114.00
84,NHDL,-,126,126,126,126,126.00,90,128,"11,340",9,-2.00,0.00,-1.56,0.00,0.00,262.00,117.00
85,NHPC,-,64,66,63,63,63.41,"17,410",65,"1,103,910",24,-2.00,3.00,-3.08,4.76,-0.65,115.00,63.00
86,NIB,-,522,523,517,520,521.63,"21,137",521,"11,025,747",110,-1.00,6.00,-0.19,1.16,-0.31,700.00,517.00
87,NIBLPF,-,7.55,7.55,7.55,7.55,7.55,"4,753",7.55,"35,885",2,0.00,0.00,0.00,0.00,0.00,9.69,7.00
88,NIBPO,-,474,479,474,478,475.52,328,480,"155,972",4,-2.00,5.00,-0.42,1.05,0.52,605.00,471.00
89,NICA,-,389,391,382,385,385.43,"20,647",390,"7,957,961",83,-5.00,9.00,-1.28,2.36,-0.11,459.00,285.00
90,NICGF,-,8.68,8.77,8.68,8.77,8.74,"3,000",8.84,"26,210",4,-0.07,0.09,-0.79,1.04,0.38,10.10,8.00
91,NICL,-,365,395,365,374,373.46,"25,054",371.52,"9,356,681",93,2.48,30.00,0.67,8.22,0.14,"1,315.00",365.00
92,NIL,-,515,517,504,506,508.59,"6,093",523,"3,098,842",40,-17.00,13.00,-3.25,2.58,-0.51,680.00,416.00
93,NLBBL,-,460,464,458,461,459.35,"1,630",460,"748,734",14,1.00,6.00,0.22,1.31,0.36,877.00,454.00
94,NLG,-,826,826,817,822,822.78,353,840,"290,441",7,-18.00,9.00,-2.14,1.10,-0.09,"1,045.00",710.00
95,NLIC,-,1040,1045,1020,1022,"1,029.95","9,037",1055,"9,307,647",106,-33.00,25.00,-3.13,2.45,-0.78,"1,859.00",874.00
96,NLICL,-,650,650,631,631,637.20,"3,331",658,"2,122,501",23,-27.00,19.00,-4.10,3.01,-0.98,"1,544.00",590.00
97,NMB,-,312,314,310,310,311.66,"22,620",313,"7,049,837",116,-3.00,4.00,-0.96,1.29,-0.54,502.00,303.00
98,NMBHF1,-,9.05,9.08,9.05,9.08,9.07,"6,328",9.18,"57,396",3,-0.10,0.03,-1.09,0.33,0.11,10.20,8.00
99,NMBMF,-,1081,1081,1065,1065,"1,076.85",219,1098,"235,830",6,-33.00,16.00,-3.01,1.50,-1.11,"1,865.00",976.00
100,NMBSF1,-,10.2,10.2,10.2,10.2,10.20,"4,500",10.27,"45,900",1,-0.07,0.00,-0.68,0.00,0.00,13.80,9.95
101,NMFBS,-,1660,1680,1653,1653,"1,661.41",567,1649,"942,019",14,4.00,27.00,0.24,1.63,-0.51,"2,646.00","1,300.00"
102,NNLB,-,581,581,570,570,577.77,121,581,"69,910",6,-11.00,11.00,-1.89,1.93,-1.36,"2,487.00",480.00
103,NSEWA,-,600,615,600,606,605.66,290,610,"175,640",28,-4.00,15.00,-0.66,2.50,0.06,889.00,312.00
104,NTC,-,705,708,701,703,703.28,"7,374",707,"5,185,968",33,-4.00,7.00,-0.57,1.00,-0.04,818.00,687.00
105,NUBL,-,740,745,740,745,742.42,910,747,"675,600",12,-2.00,5.00,-0.27,0.68,0.35,"1,379.00",684.00
106,OHL,-,434,434,430,430,430.17,211,434,"90,766",5,-4.00,4.00,-0.92,0.93,-0.04,675.00,408.00
107,PCBL,-,321,322,314,314,315.89,"19,892",317,"6,283,664",75,-3.00,8.00,-0.95,2.55,-0.60,352.00,265.00
108,PFL,-,130,132,130,132,130.68,990,132,"129,372",15,0.00,2.00,0.00,1.54,1.00,184.00,128.00
109,PIC,-,1030,1030,1016,1023,"1,021.33","3,335",1034,"3,406,120",61,-11.00,14.00,-1.06,1.38,0.16,"1,355.00",686.00
110,PICL,-,709,709,683,683,688.41,"1,199",702,"825,409",12,-19.00,26.00,-2.71,3.81,-0.79,909.00,545.00
111,PLIC,-,455,459,448,456,452.53,"3,517",460,"1,591,558",39,-4.00,11.00,-0.87,2.46,0.76,"1,740.00",385.00
112,PMHPL,-,107,107,106,107,106.52,960,109,"102,260",76,-2.00,1.00,-1.83,0.94,0.45,142.00,103.00
113,PRIN,-,429,430,420,421,422.90,"4,391",430,"1,856,952",27,-9.00,10.00,-2.09,2.38,-0.45,825.00,380.00
114,PRVU,-,243,243,236,240,238.12,"23,274",241,"5,541,961",101,-1.00,7.00,-0.41,2.97,0.78,261.00,175.00
115,PURBL,-,149,151,148,151,149.08,266,151,"39,656",6,0.00,3.00,0.00,2.03,1.27,231.00,145.00
116,RADHI,-,157,160,156,160,158.71,792,160,"125,698",41,0.00,4.00,0.00,2.56,0.81,319.00,152.00
117,RBCL,-,9101,9130,9100,9100,"9,104.70",81,9262,"737,481",8,-162.00,30.00,-1.75,0.33,-0.05,"15,060.00","7,850.00"
118,RBCLPO,-,8750,8750,8465,8634,"8,578.88",160,8850,"1,372,620",9,-216.00,285.00,-2.44,3.37,0.64,"14,400.00","7,628.00"
119,RHPC,-,95,95,94,95,94.30,"1,940",96,"182,949",7,-1.00,1.00,-1.04,1.06,0.73,151.00,94.00
120,RLFL,-,115,116,114,114,115.11,"1,201",115,"138,244",8,-1.00,2.00,-0.87,1.75,-0.97,145.00,113.00
121,RMDC,-,537,540,537,537,537.02,"2,534",547,"1,360,803",9,-10.00,3.00,-1.83,0.56,-0.00,724.00,515.00
122,RRHP,-,95,97,95,97,95.84,610,96,"58,460",61,1.00,2.00,1.04,2.11,1.20,261.00,95.00
123,RSDC,-,390,390,380,380,383.61,"1,797",391,"689,345",30,-11.00,10.00,-2.81,2.63,-0.95,964.00,370.00
124,SADBL,-,137,138,136,137,137.03,955,137,"130,861",9,0.00,2.00,0.00,1.47,-0.02,211.00,135.00
125,SAEF,-,8.79,8.82,8.79,8.82,8.81,"1,650",8.95,"14,538",3,-0.13,0.03,-1.45,0.34,0.10,10.20,8.00
126,SANIMA,-,301,301,297,297,298.19,"8,063",300,"2,404,298",41,-3.00,4.00,-1.00,1.35,-0.40,386.00,295.00
127,SBBLJ,-,201,201,199,199,199.35,"1,592",200,"317,368",7,-1.00,2.00,-0.50,1.01,-0.18,236.00,182.00
128,SBI,-,380,381,378,380,379.16,"1,543",381,"585,038",20,-1.00,3.00,-0.26,0.79,0.22,634.00,376.00
129,SBL,-,280,283,279,283,280.19,"6,984",281,"1,956,849",31,2.00,4.00,0.71,1.43,0.99,375.00,276.00
130,SCB,-,557,558,550,550,552.76,"3,855",556,"2,130,890",49,-6.00,8.00,-1.08,1.45,-0.50,"1,050.00",550.00
131,SDESI,-,623,623,607,608,613.63,441,625,"270,612",33,-17.00,16.00,-2.72,2.64,-0.93,"1,950.00",362.00
132,SEF,-,9.02,9.2,9.02,9.1,9.10,"7,750",9.2,"70,510",5,-0.10,0.18,-1.09,2.00,0.02,10.01,8.63
133,SEOS,-,9.6,9.6,9.6,9.6,9.60,500,9.7,"4,800",1,-0.10,0.00,-1.03,0.00,0.00,12.30,9.55
134,SHINE,-,243,243,237,237,239.90,"2,100",245,"503,800",6,-8.00,6.00,-3.27,2.53,-1.23,326.00,221.00
135,SHL,-,203,204,201,204,202.64,"4,533",201,"918,563",13,3.00,3.00,1.49,1.49,0.67,283.00,199.00
136,SHPC,-,227,227,220,222,221.37,"6,694",227,"1,481,852",35,-5.00,7.00,-2.20,3.18,0.28,415.00,220.00
137,SIC,-,1272,1272,1265,1265,"1,268.77",320,1290,"406,007",11,-25.00,7.00,-1.94,0.55,-0.30,"1,504.00",988.00
138,SICL,-,877,877,857,857,871.87,"3,123",890,"2,722,842",24,-33.00,20.00,-3.71,2.33,-1.73,"1,238.00",760.00
139,SIFC,-,136,136,128,128,131.74,"3,356",136,"442,132",10,-8.00,8.00,-5.88,6.25,-2.92,255.00,128.00
140,SIL,-,616,620,615,615,616.53,363,624,"223,800",7,-9.00,5.00,-1.44,0.81,-0.25,"1,056.00",540.00
141,SKBBL,-,851,851,833,833,842.99,"2,714",852,"2,287,867",32,-19.00,18.00,-2.23,2.16,-1.20,"1,319.00",833.00
142,SLBBL,-,501,509,501,505,504.21,947,506,"477,485",15,-1.00,8.00,-0.20,1.60,0.16,"1,970.00",501.00
143,SLBS,-,1000,1000,1000,1000,"1,000.00",156,1010,"156,000",7,-10.00,0.00,-0.99,0.00,0.00,"1,903.00",0.00
144,SLBSL,-,854,854,808,809,816.62,"7,266",852,"5,933,592",594,-43.00,46.00,-5.05,5.69,-0.94,861.00,505.00
145,SLICL,-,540,540,510,513,524.46,695,532,"364,500",14,-19.00,30.00,-3.57,5.88,-2.23,957.00,425.00
146,SMATA,-,1290,1290,1285,1285,"1,285.71",350,1300,"450,000",5,-15.00,5.00,-1.15,0.39,-0.06,"2,374.00",0.00
147,SMB,-,701,701,675,680,689.71,520,715,"358,650",18,-35.00,26.00,-4.90,3.85,-1.43,"1,365.00",313.00
148,SMFDB,-,693,700,691,700,691.88,328,705,"226,938",5,-5.00,9.00,-0.71,1.30,1.16,"1,263.00",691.00
149,SPDL,-,91,92,91,91,91.03,286,91,"26,036",14,0.00,1.00,0.00,1.10,-0.04,162.00,91.00
150,SRBL,-,209,210,207,210,207.66,"9,414",210,"1,954,886",39,0.00,3.00,0.00,1.45,1.12,281.00,207.00
151,SWBBL,-,825,825,816,816,818.48,"2,073",831,"1,696,702",12,-15.00,9.00,-1.81,1.10,-0.30,"1,470.00",816.00
152,TRH,-,234,235,230,235,233.00,70,238,"16,310",5,-3.00,5.00,-1.26,2.17,0.85,320.00,226.00
153,UFL,-,156,156,156,156,156.00,64,156,"9,984",1,0.00,0.00,0.00,0.00,0.00,223.00,150.00
154,UIC,-,799,800,780,780,788.90,403,790,"317,927",9,-10.00,20.00,-1.27,2.56,-1.14,"1,244.00",630.00
155,UMB,-,1299,1324,1251,1251,"1,279.45",200,1299,"255,890",10,-48.00,73.00,-3.70,5.84,-2.27,"2,280.00",506.00
156,UMHL,-,113,117,113,115,114.10,219,115,"24,987",14,0.00,4.00,0.00,3.54,0.79,237.00,113.00
157,UPPER,-,237,238,229,231,232.47,"59,960",238,"13,938,900","1,026",-7.00,9.00,-2.94,3.93,-0.64,342.00,224.00
158,VLBS,-,680,699,680,695,693.84,264,683,"183,175",8,12.00,19.00,1.76,2.79,0.17,969.00,601.00
159,WOMI,-,1148,1155,1120,1120,"1,131.19","1,650",1148,"1,866,460",52,-28.00,35.00,-2.44,3.13,-1.00,"1,897.00",761.00
